blockchain,amount_coin,amount_usd,hash,from_to,id,date,price,change24h_pct
BTC,88.64914,2650920.8,0af04c7c1672c2325a685f3f342a5673d3b190ccc42b2b137c9a746c449f9afe,unknown-unknown,1849320421,2022-05-25 22:27:27,29734.47,0.42
BTC,32.67142,971459.9,Multiple Hashes,unknown-unknown,1849327158,2022-05-25 22:39:00,29669.78,0.1
BTC,59.490925,1768917.4,2d6b37be34bb8a660e6fa2a040734f78b44a91d10f2aaee711ee39059e584d9e,unknown-unknown,1849324542,2022-05-25 22:39:57,29654.6,0.04
BTC,17.1235,507524.12,Multiple Hashes,unknown-unknown,1849328593,2022-05-25 22:43:00,29651.66,-0.1
BTC,71.42904,2117088.2,bc4badecee1e71cb828a6f34e1d4088803bf9a505e4f30c24c6a397841efa74b,unknown-unknown,1849327197,2022-05-25 22:43:31,29643.36,-0.1
BTC,37.4273,1105756.8,7d1602dea833a8e5be31e6367c14222033991cc54d1e8fb7ce1bd3888cac2240,exchange-unknown,1849328645,2022-05-25 22:47:05,29676.49,-0.04
BTC,28.176462,830486.3,Multiple Hashes,unknown-unknown,1849335459,2022-05-25 23:14:00,29740.63,-0.34
BTC,18.34332,540659.6,8386b598de700f72d6d5677b26e51c1517929a0040d60a508d98248b76017586,unknown-exchange,1849333464,2022-05-25 23:14:38,29728.83,-0.95
BTC,69.7439,2064520.1,7dbc7d3e52c5343fe3306bf1260f5557f8ce232087e0fe44cc05b3cb3bdd68a4,unknown-unknown,1849335488,2022-05-25 23:19:39,29713.85,-0.76
BTC,20.295315,603761.56,Multiple Hashes,unknown-unknown,1849340758,2022-05-25 23:34:00,29755.41,-0.94
BTC,68.03008,2023814.5,36c8f96c116c903214d9777194fb3411aa418a982a0548e17330b322b6fab9f7,exchange-exchange,1849339063,2022-05-25 23:34:40,29743.56,-0.92
BTC,55.731632,1665556,930bd2b13b6fb71c842fb2505515be9c4bb13e42297600020805b39c4ea542dd,,,,,
BTC,105.1,3125690.2,09e87db8de95d6d8e36a571a7396e2278ad5889e1c650e5be4eb7d45d779d97a,unknown-unknown,1849342017,2022-05-25 23:45:37,29786.39,-1.03
BTC,23.857119,711751.6,c382e57bb1f0dafb8b27e4bdd0ad3ddda7a4bbfde452a0c2881abd4481b8c476,exchange-exchange,1849345397,2022-05-25 23:58:22,29752.84,-1.2
BTC,80.216194,2401232,31a048db8fabc333ec763c3a8173eeb67a431f7acd1a4bb0a50afb820123b9b7,unknown-unknown,1849349975,2022-05-26 00:16:13,29689.27,-1.4
BTC,83.80325,2499654.2,2efcc1327dd4aecad34c7182e3e3ef4bb6ad6ca6a0bc34d3f43ac80c16eb779c,unknown-unknown,1849353657,2022-05-26 00:25:35,29804.67,-0.78
BTC,23.744125,704211.8,Multiple Hashes,unknown-unknown,1849360854,2022-05-26 00:46:00,29772.21,-1.19
BTC,30,889750.75,b5fcdc5b6af5843e2b7e9db35bdb8db12116f5baba284b671f8254640e29db43,unknown-unknown,1849358556,2022-05-26 00:46:19,29797.89,-1.13
BTC,83.793785,2496384.2,a713aad1e685f9f46dcb73692dae36e30dcc2c5dc0e8c6bedf1a2b9e63c7182e,unknown-unknown,1849360877,2022-05-26 00:48:05,29787.31,-1.12
BTC,29,858807.75,81dda2ce2ea602ad9e6c44f5dd3235cf84964099bfd389c477292a00cbdfee80,unknown-unknown,1849364176,2022-05-26 01:01:48,29825.56,-0.8
BTC,234.02196,6930340,15372eb636a2583a5c3a4dd24f421d1279cce92db6aa6b7b6a32d8f657aaf0e5,unknown-unknown,1849365370,2022-05-26 01:02:48,29831.15,-0.75
BTC,29,862567.5,cdc928895d15f33d47e56871dd2e59a8e9629fa5c0aef5993a5af1f6851eeacc,exchange-exchange,1849365844,2022-05-26 01:05:05,29837.45,-0.83
BTC,41.14023,1218754,7a009b1ae6024437de97f9c561f8af6f2f9a2bb1868341555bc23075ff532e3e,,,,,
BTC,50,1484126.4,cf35319e80a6a8ac93b3b553e1b5fee47978e78ab3f54e956abbba11cb0081ed,unknown-unknown,1849366725,2022-05-26 01:07:25,29825.74,-0.94
BTC,22.129917,658123.5,b687c6e0e83e43030237428c431a5ed1b0652909a657e6eef70afa5c7ea00452,unknown-unknown,1849367455,2022-05-26 01:11:09,29829.88,-0.88
BTC,42.09586,1257189.2,81435f7b8df92a3cf036522217da47c13b2dda27eb40440f95b40c51ddda161a,unknown-unknown,1849368423,2022-05-26 01:15:05,29830.54,-0.86
BTC,59.483677,1774864.2,eb9275160cc4744dddd3da0d5510f15f4d774e2c958dcb6b9ace895e2c345366,unknown-unknown,1849371473,2022-05-26 01:26:42,29783.48,-0.99
BTC,54.11193,1608799.4,e87a4920b4079febabab81990583035123fec906758ddfa051446a677d15ba35,exchange-exchange,1849373376,2022-05-26 01:32:04,29808.65,-0.92
BTC,36.1092,1079261.4,63237983adb26090e8fa9aed076b774533dccb02515503022bccaf37f3d750cc,,,,,
BTC,34.456047,1027606.25,befbbfd9cb3cf611a42d16e42048db64946124359ac7ac9d4eb64170a5186769,unknown-unknown,1849375979,2022-05-26 01:42:33,29777.22,-0.93
BTC,19.9998,596744.3,adced3e39775d630cfe9a47f8bba1215d776510a4a8f4460170e4110ebf709b7,exchange-unknown,1849376776,2022-05-26 01:44:10,29761.76,-0.97
BTC,45.17704,1337953.9,Multiple Hashes,unknown-unknown,1849388750,2022-05-26 02:26:00,29696.58,-0.81
BTC,119.0694,3526334.8,5938157dc1ce54dcdb8d54de866529175c8f489dd5948b016fc94b30cba0cd51,,,,,
BTC,19.982285,594826.3,5bc80ed799f9c01d1195f7dd5d29061e664645b8c6ed46ee5499db35112e6db3,unknown-unknown,1849388795,2022-05-26 02:28:40,29661.11,-0.86
BTC,80.57711,2398300.8,281b1c77b795308c85eb945b702d8ada2df43c135a15f817e23315aa51395bcf,unknown-unknown,1849391845,2022-05-26 02:40:42,29668.98,-0.72
BTC,27.954994,829473.56,Multiple Hashes,unknown-unknown,1849398954,2022-05-26 02:52:00,29709.39,-0.44
BTC,55.836502,1656751.2,4e77dd568cec6b9fea8519c0a58fe3d73a6c2efaf6d6b72fe7679f7d0e582588,unknown-unknown,1849395395,2022-05-26 02:52:37,29709.39,-0.44
BTC,47.393192,1408057,cb6b2f5c5add43bcb66c794e6f1f7b356ba4afd0b85febd17bce5dcc11e87404,unknown-unknown,1849398482,2022-05-26 02:52:48,29671.72,-0.64
BTC,23.999697,710933.94,e42ee86f8a7601e01fbfa1b908c2bbc4a6b6771b9d1a83bfd375ddcd32644346,unknown-unknown,1849398999,2022-05-26 02:59:40,29603.42,-0.57
BTC,80.57643,2364682.5,ef7257a40ddb3a5faaa5da6beceeba12c3c93fcbd4090118712fdc4e3f7bb3f1,unknown-unknown,1849403307,2022-05-26 03:13:41,29618.79,-0.33
BTC,83.82248,2470727,dcf30d0238434ad33627251ace4447198e42e528208b97bb458b2130e3a10720,unknown-unknown,1849410987,2022-05-26 03:40:43,29558.49,-0.75
BTC,86.866325,2575395.5,ade24d6c5825108f6c017a37a075562820a38ff413d3b3b4314640020e2e7a00,unknown-unknown,1849416662,2022-05-26 03:52:20,29627.75,-0.49
BTC,29.11326,867966.7,Multiple Hashes,unknown-unknown,1849427815,2022-05-26 04:18:00,29606.82,-0.57
BTC,24.54871,731881.7,e924d6a7ee2dc2478c71ad2d38bc4c9b429c6d5ec33b8accda8bccbd527cc283,exchange-exchange,1849423549,2022-05-26 04:18:16,29606.82,-0.57
BTC,19.430906,577609.6,6587d37ac1d7a87097e621c01372e92ccc18f5d5f5b0bfd170d5b25066959b38,unknown-unknown,1849432858,2022-05-26 04:38:20,29662.52,-0.19
BTC,82.62928,2470606,7e7545766982760af376f1a1d35626ff98e1659bd8c206e7361f8011457da457,unknown-unknown,1849435061,2022-05-26 04:42:57,29658.7,-0.28
BTC,49.999573,1478335.9,85967feab89fe03ae3914b4d9d0c931b66c45ba19a1d55f3206749773fb26649,unknown-unknown,1849437026,2022-05-26 04:49:26,29676.32,-0.0
BTC,19.019875,562360.06,947da0cac3316dc358878e2e8f097b2912ac3941fb95f13c7895bac0daf60533,exchange-unknown,1849437039,2022-05-26 04:49:26,29679.22,-0.01
BTC,17.49682,517335.28,Multiple Hashes,unknown-unknown,1849446141,2022-05-26 05:09:00,29557.88,-0.72
BTC,19.249252,569150.2,6584196c84ddd29f1ca0dd9cd6052b246dea45360f93c5281f68ccca47b95ed9,unknown-unknown,1849443254,2022-05-26 05:09:35,29557.88,-0.72
BTC,25.926405,770780.6,Multiple Hashes,unknown-unknown,1849449355,2022-05-26 05:12:00,29527.83,-0.77
BTC,24.884317,739799.8,2bd7bf827d9f40e1fb39932b962017c457d2fe1c5b35e2d6af949f725e8f3ec5,unknown-unknown,1849446167,2022-05-26 05:12:35,29401.49,-1.27
BTC,59.405163,1751452,96c9039ee5d42708966ddbe2839d045c5cccab3979bb7c9094df59559486b44d,unknown-unknown,1849449389,2022-05-26 05:16:27,29362.7,-1.43
BTC,20.494972,604246,e6f5c140a684890afc407f40649acd7c33e96ab3a60dfdc87b804b1ae843470c,unknown-unknown,1849452198,2022-05-26 05:23:07,29174.74,-1.88
BTC,44.9,1294434.8,94df4fa6c17868398f90e8e78a78fc176f1880be79b95ec862676a7d8f10cd10,exchange-exchange,1849467168,2022-05-26 05:55:24,28919.77,-3.06
BTC,18.396646,535817.4,85f65e9a0f2b199b68fd54b44ec4862c57f9643cf9e1f19a98237062c65ca896,unknown-unknown,1849479331,2022-05-26 06:25:30,29052.95,-2.26
BTC,32.32862,943617.5,e47a525f5cb07352c0a5b610cbfbb53e8a9e5951962636d8a03e16b93e77ef32,exchange-exchange,1849496582,2022-05-26 07:12:37,29138.55,-1.95
BTC,18.915602,550184.3,Multiple Hashes,unknown-unknown,1849503741,2022-05-26 07:22:00,29177.79,-1.93
BTC,68.21114,1984007.9,510f4002bcb479adccb53b04499813336bff90b68b990eb0066acece1b878482,unknown-unknown,1849501168,2022-05-26 07:22:22,29177.79,-1.93
BTC,168.38222,4913204.5,5305ef304c93943bf4c1b5a250961e69859296d2acd75a45435c358b8461259d,unknown-unknown,1849511753,2022-05-26 07:49:42,29140.11,-1.96
BTC,24.863203,724863.75,Multiple Hashes,unknown-unknown,1849520125,2022-05-26 07:56:00,29094.22,-2.13
BTC,250,7288519,e23f95523fd7ed07c63bd31388d33b91958626c50339e5095757f6756116f4f4,unknown-unknown,1849517624,2022-05-26 07:56:51,29103.14,-2.07
BTC,31.550476,915564.3,ad3e5ca60842f85efae4fbbcdecbeb65474f211c0d9e629e34a68567365b09c6,unknown-unknown,1849520596,2022-05-26 07:58:10,29088.07,-2.13
BTC,58.923767,1711144.2,f7b994675115d5b3c52cd431a657f6cbd9846fd17d7efe56b0af84c99546dbb8,unknown-unknown,1849523876,2022-05-26 08:04:53,29054.53,-1.87
BTC,21.950132,640770.56,f9a6ca82f123aa6fe7d52ddbc9c9b4626446c1f7efbdafb5b05f0a363fc7e80f,unknown-unknown,1849525910,2022-05-26 08:11:10,28967.33,-2.3
BTC,20,581222.1,38bdc5b2f3709f80ffd05cc7b1d90c6b099a2ac186620dd62b51f71bd398a552,exchange-exchange,1849532923,2022-05-26 08:30:06,29091.98,-0.87
BTC,248.1547,7179817,1f1c008c6384b19414910fe173c9261d6f25e654bbed0ab203ece6045d19af98,unknown-unknown,1849541324,2022-05-26 08:51:29,29009.13,-1.19
BTC,19.532066,567449.3,308e259dd8bacf563cf5d7ed894b31da0a9013e90278f41d93c7106163dfa00b,exchange-exchange,1849543478,2022-05-26 08:52:21,28999.47,-1.27
BTC,75.05102,2173845,13d7ecff3b1160765085e8566dc390e1cb0093dac1d31c0f1cf4f3d4aa801ada,unknown-unknown,1849550415,2022-05-26 09:11:48,29055.91,-1.24
BTC,83.711,2421683.8,77bf2bf1858d0fe2e02329395af4726235be9535bddee179eac6ebc30155e6a6,exchange-exchange,1849555480,2022-05-26 09:19:34,29021.06,-1.31
BTC,30.569769,879839.9,Multiple Hashes,unknown-unknown,1849564173,2022-05-26 09:34:00,28840.76,-2.09
BTC,500,14390686,21bbfefcaddfd9cdba5a2d20622c8863b318efb8bac21e0b156b0561d84b5704,,,,,
BTC,80.77475,2338069.8,388899efc120e8ed5d2dcf4cef06b4fcc5b97d9465640ac880e6636ebc33c245,unknown-unknown,1849564188,2022-05-26 09:38:57,28866.48,-2.16
BTC,37.77519,1087220.9,910d2fa51b44f8fc4a2bf994d72ea332dc791297f9a6a619009b87757c96ecac,unknown-unknown,1849565906,2022-05-26 09:40:39,28860.09,-2.36
BTC,19.9995,576064.9,a1cf9f2528c2c770b4537a8fd36a9e376877b7e5143f85dec3eae00ac7c0c106,,,,,
BTC,69.7,1989453.5,a50286de1eeb0bccceb0c699518742b59d48a52fa1136dc6f65dd5f438255479,exchange-exchange,1849588080,2022-05-26 10:35:57,28431.31,-4.28
BTC,29.869097,849959.06,Multiple Hashes,unknown-unknown,1849597099,2022-05-26 10:46:00,28761.86,-2.85
BTC,34,967508.6,244b326c86496e5c5a6028950cd2e3625fb1a07d6929e3270c06ea838cd0fa6b,exchange-exchange,1849594653,2022-05-26 10:46:56,28732.75,-3.14
BTC,20.808947,593326.5,Multiple Hashes,unknown-unknown,1849598732,2022-05-26 10:48:00,28771.77,-3.03
BTC,1200,34215656,1041880accd16a6949d96c6187481b85c10833c302edc9bb155840698b586091,exchange-unknown,1849597148,2022-05-26 10:48:46,28790.92,-2.89
BTC,1294.9999,37084590,6bdadcaaeffee0ec65fc4dc0582c3a31227f0397c9cf31508ce8e868de0e8b71,unknown-exchange,1849604482,2022-05-26 11:04:00,29137.19,-1.88
BTC,21.9496,636678.94,c22d140c153baaf0e7010b52b5265ce51a4121d8271fe44b80c03987b02bb955,exchange-exchange,1849607813,2022-05-26 11:10:16,29152.02,-2.28
BTC,74.6,2168285.5,ee0c97ba7066f8de70f913f63281f3c28a0888487c07f827e58a08d46238839d,exchange-exchange,1849610152,2022-05-26 11:11:14,29125.16,-2.28
BTC,51.6119,1502417.9,f461f5292efae61186e046cb4f018241c4b8c32a77792352398bb8654b3c001d,exchange-exchange,1849611685,2022-05-26 11:12:57,29144.91,-2.19
BTC,17.805069,517705.84,0d9e73f13c543a70ccb6bb848eecc5823eba60b30f49abbde48eb29adccb58af,exchange-exchange,1849620093,2022-05-26 11:37:18,29204.8,-1.73
BTC,30.654018,894161.56,Multiple Hashes,unknown-unknown,1849627410,2022-05-26 11:45:00,29210.16,-1.71
BTC,150,4375421,709fccba0ac45a6e92b066f67fb4a7e7276605cf7a734f1414f23b752e1b1564,exchange-exchange,1849624731,2022-05-26 11:45:18,29210.16,-1.71
BTC,22.043373,645689.5,Multiple Hashes,unknown-unknown,1849629968,2022-05-26 11:47:00,29186.64,-1.79
BTC,30,879231.25,a6053b82f51ead63b1241ef534c00dd56ed0c32f40aeda45cf3a6acb6675259a,,,,,
BTC,232.76633,6870927.5,5ac84b6d0f8318e17e4381bdbe437d85d8ee2ef0ffb1a6fc27c40ff8d20d3659,unknown-unknown,1849636929,2022-05-26 12:14:33,29360.99,-1.18
BTC,70.89249,2083997.5,c9812d5a21378e09b393c2e21010b32dc351ebae3a2328f84db43547041207f3,unknown-unknown,1849643708,2022-05-26 12:32:33,29371.36,-0.87
BTC,70.3,2055285,d30ff49d861f5f18355c3ed7ea9040120f5f78c39cccda9f74dccc8e04e4f688,exchange-exchange,1849649707,2022-05-26 12:48:32,29382.75,-0.76
BTC,86.6568,2578559.5,569e4ffa347012171f3eabebbb1f440dd099ff12f24bc8796e9b6def6c599c23,unknown-unknown,1849661654,2022-05-26 13:29:29,29615.64,0.63
BTC,31.712032,944442.4,Multiple Hashes,unknown-unknown,1849667312,2022-05-26 13:33:00,29564.33,0.38
BTC,19.7,586702.06,89eccd0d7bb6e9ccc9074a839081a68ed83c37288d5300360fe46d4f0c3c395f,unknown-unknown,1849664896,2022-05-26 13:33:57,29599.68,0.47
BTC,229.48534,6778370,7f2ac0f15213a54f5093eab6ae1fc827604e244cfecc4ff7c50709d1f6a93e36,,,,,
BTC,97.75369,2894467.5,23e113a0d891e4fc87f1f092cdbdb89b3f9e97bb450496266c5b89c6aa8c8631,exchange-unknown,1849675468,2022-05-26 13:54:00,29633.92,0.32
BTC,38.702976,1145495.9,Multiple Hashes,unknown-unknown,1849687737,2022-05-26 14:28:00,29562.69,-0.19
BTC,231.17557,6842127,64f6f2ba4af825cfaf69421868a434039fd132cd51099a3eee3499e0541645b6,unknown-unknown,1849684473,2022-05-26 14:28:57,29580.31,-0.33
BTC,49.353428,1468394.6,6b60cfdb8820d097be42caffdfeae04ff3640a368fe31897a7d900a2ff8b2c2f,unknown-unknown,1849687819,2022-05-26 14:31:54,29562.83,-0.36
BTC,41.030243,1213889.2,Multiple Hashes,unknown-unknown,1849697815,2022-05-26 14:58:00,29520.62,-0.25
BTC,70.20429,2077010.1,6d3abf6ce246dabbdccd28100bb21e2a409ae61365367d6cba829bbdc5229cf4,unknown-unknown,1849694221,2022-05-26 14:58:58,29505.49,-0.29
BTC,24.65119,727280.5,Multiple Hashes,unknown-unknown,1849701059,2022-05-26 15:06:00,29547.89,-0.8
BTC,58.16411,1716007.4,98eaf1d2a3073320b095b180207021f4aa400534f5d6d64f6f9133a495f4c74c,unknown-unknown,1849697878,2022-05-26 15:06:47,29554.8,-0.87
BTC,55.201702,1626082.6,80cce00cb490bb500737dfc4c28a3a9aea0ec90381cd800871a1c4fa49825ff9,unknown-unknown,1849701116,2022-05-26 15:13:26,29583.78,-0.68
BTC,58.949936,1744566.4,1d2e2c51cbf2c9c03a3b807eb1a4a4be5f00696801d14991423892d418d046d3,unknown-unknown,1849704344,2022-05-26 15:20:33,29501.4,-1.29
BTC,68.313095,2026603.1,3848f2ab2f713fb34a522ff3fcaff298a4ab198d42833d86e8cb0bb74ba173bf,unknown-unknown,1849708635,2022-05-26 15:32:06,29526.38,-0.97
BTC,28.786425,851578.4,3fe4dd9e535006c84b54404f909385cd7d5130400284976084cc0d7766c60dc7,unknown-unknown,1849712433,2022-05-26 15:41:29,29597.41,-0.61
BTC,51.99895,1533153.6,d343d3b15963c920129c94d2a0b8a3ecad9823373493e4557536f07993b3727b,exchange-exchange,1849714626,2022-05-26 15:41:58,29597.41,-0.61
BTC,20,589528.06,5eb83ce17a4790b0206ac0bdade0ba44c8cdc3784f5c2bca758ade0fca984ff9,unknown-unknown,1849722802,2022-05-26 16:16:34,29408.45,-1.01
BTC,38.84813,1141838.2,Multiple Hashes,unknown-unknown,1849730862,2022-05-26 16:38:00,29483.08,-0.72
BTC,19.999,587817.9,4e41405cc1908d1bda147c932b8d6f7992bb17218be3cf73d75db89a82c465f7,unknown-unknown,1849728513,2022-05-26 16:38:15,29485.78,-0.78
BTC,30.514585,896788.7,Multiple Hashes,unknown-unknown,1849733456,2022-05-26 16:40:00,29473.44,-0.86
BTC,26.619894,782328.2,b08e2882a13149a59248e34022041dcf64f895dfb6d85a09701f3fddce14a0f6,exchange-unknown,1849731058,2022-05-26 16:40:49,29483.14,-0.73
BTC,22.185219,658729.8,Multiple Hashes,unknown-unknown,1849735040,2022-05-26 16:44:00,29454.41,-0.57
BTC,68.277985,2027329.1,c14b343eb4a94ccdef2dc8d09c7793a1ae8b591b786cb5c6be568dbc9e6e562d,unknown-unknown,1849733505,2022-05-26 16:44:11,29454.41,-0.57
BTC,20.278534,600432.3,Multiple Hashes,unknown-unknown,1849736127,2022-05-26 16:48:00,29380.08,-0.86
BTC,55.07402,1630700.9,50a88e8c9a470216b15dd8830e1c65933a90c624011e223b3d384538cefb5492,unknown-unknown,1849735076,2022-05-26 16:48:39,29365.95,-0.91
BTC,64.41555,1911078.5,d7c4b0a5eed466d10d4940ed2fc2647c593665b2c188acd6e3aa72834abc2d69,exchange-exchange,1849736131,2022-05-26 16:49:24,29365.95,-0.91
BTC,18,526158.2,a32d8dc2b56ed796798fd055d86efde0016969dc4a93b44ffcef2299975c63ee,exchange-exchange,1849745217,2022-05-26 17:42:34,29480.51,-0.81
BTC,92.84406,2744459,360c4a849546d6d6b119af3fa44296abd228c387a0bad99c60f8915916c100e5,unknown-unknown,1849748613,2022-05-26 17:48:23,29432.95,-0.97
BTC,171.79239,5080021.5,62d7017151edc8f7f5e03f0d62f38ff948ca173e43a067b9dfcf562af2f2e22e,unknown-unknown,1849752746,2022-05-26 18:07:00,29576.72,-0.49
BTC,19.3528,575186.7,aa634b628ae9e9dea380ad13e2f16c52f7db34ef60b8000c361f10e02fce8310,exchange-unknown,1849755508,2022-05-26 18:12:06,29590.69,-0.51
BTC,37.540863,1111870.1,Multiple Hashes,unknown-unknown,1849763144,2022-05-26 18:34:00,29558.68,-0.7
BTC,186.25053,5516293,8e6191748fd0a2ae93839daecbe3131ad84d431d13dd0a15336bfaec997fe1d9,unknown-exchange,1849760773,2022-05-26 18:34:49,29562.74,-0.61
BTC,50.779613,1491498.2,11e46319b1fb3250e23868d4fed6684ee55bbb73f0338d532b15a8405e1f183b,exchange-exchange,1849763192,2022-05-26 18:37:03,29514.54,-0.84
BTC,21.052006,621142,82bd1790710efb7a73e0682bbe94e642c7453266f0d1d9fd4f08d190f374d7ac,unknown-unknown,1849765092,2022-05-26 18:42:51,29500.42,-0.89
BTC,239.1826,7056181.5,533ee1e901d34caaccfdc4d054220a3d9a2160128a78cda1c035443ec4921224,unknown-unknown,1849772887,2022-05-26 19:24:24,29586.12,-0.5
BTC,72.26165,2147108,aa3d099b06f5207cfb2d63820fe575fa03bcf2c9e4d84f2ec594b8be090c2589,unknown-unknown,1849776079,2022-05-26 19:33:10,29493.63,-1.04
BTC,1567.5859,46400184,638f28c6c8b68a5a07d815a25d783b6e8c5c6f0d84e3ee6311354d262a2357aa,unknown-unknown,1849777187,2022-05-26 19:33:58,29508.88,-0.95
BTC,23.383495,687694,Multiple Hashes,unknown-unknown,1849782629,2022-05-26 19:42:00,29484.28,-0.84
BTC,68.60983,2017772.2,975104e39b98c0d601127436c65e0f37eb402ce2e68e8da5e88963f0d9517c30,unknown-unknown,1849780201,2022-05-26 19:42:08,29473.11,-0.87
BTC,227.30759,6705369,50d1e2e4a768081e41d3d69f71eea46898f78e40e43bb19925b13727002aa298,,,,,
BTC,19.582228,579967.9,Multiple Hashes,unknown-unknown,1849786042,2022-05-26 19:49:00,29466.3,-0.88
BTC,57.973434,1717002.4,5d6ee81d6fabdc819c877b479ea09669b58682992753aa93e213f06216009c5a,unknown-unknown,1849784031,2022-05-26 19:49:49,29474.09,-0.84
BTC,20.0519,593878.2,24636abcf887d3f79f9e4e67c1218dd19bfc1ba5fe54b9cc1d0efca4fe56dc63,exchange-exchange,1849786060,2022-05-26 19:50:06,29489.27,-0.85
BTC,75.50191,2233704.2,5559e27c2f0e607ddd7156f363015e70f6bc1443dc839561c02ca91cb772b5b9,unknown-unknown,1849786610,2022-05-26 19:50:42,29483.24,-0.89
BTC,29.824078,877910.8,Multiple Hashes,unknown-unknown,1849791791,2022-05-26 20:08:00,29339.9,-1.25
BTC,57.96565,1706294.9,825e9dab48202952491a5670708a0d29731aac3fbaa1023564cdf6f442b08489,unknown-unknown,1849789571,2022-05-26 20:08:43,29418.75,-0.93
BTC,43.13099,1274666.9,a19900776db02925f62f4b4a06cf0753f69f74c67c243191263e7ff8d18f0e7d,unknown-unknown,1849794256,2022-05-26 20:25:34,29403.39,-0.7
BTC,89.62982,2643352.2,5528b8ac620b62d049f67a677ee31ce09bfb79250f98cc03a308c98749213a0f,exchange-exchange,1849795770,2022-05-26 20:29:11,29386.92,-0.73
BTC,18.583855,549592.6,Multiple Hashes,unknown-unknown,1849799394,2022-05-26 20:41:00,29323.57,-0.74
BTC,32.57735,963431.6,a06b1d0ded0e472cae8ff5ae59bdd11ce2a3d445957dd267d98b5910342e6f95,exchange-unknown,1849797801,2022-05-26 20:41:41,29299.04,-0.82
BTC,22.566156,665988.8,d6532b23f820f64d0517947a5bb9c113dd31d1c00d80a3d85979818d71ef95ff,unknown-unknown,1849799438,2022-05-26 20:45:06,29317.89,-0.78
BTC,19.0028,557964.25,012864783ac9ed5ee2c9bbab4f33a6d7e3e81b58cf540387063a7397347da784,exchange-exchange,1849802363,2022-05-26 20:57:41,29213.53,-1.25
BTC,26.679073,783948.44,9bb6bcc27b1fcce470031f31d4ca20e11de6318f28dae6c77f34998b29fef968,unknown-unknown,1849805372,2022-05-26 21:13:18,29250.25,-1.56
BTC,18.651,544530.56,08c1b4998162cb88722f1ab9bf45b277766c8e4b89d9f4ee9d22ccf798d78e94,exchange-exchange,1849807444,2022-05-26 21:20:37,29322.02,-1.54
BTC,236.66664,6888976,47034b1ebcc2c40d553abd37602323d8ec9e6e2e5be970c3c6e96fc7e57fc2c5,exchange-exchange,1849808735,2022-05-26 21:22:21,29322.02,-1.54
BTC,24.9998,732034.44,11667fde6cc3f6db8dc8a315b232054cad8eed11cdc3fbb1f90e3e213dc232ff,exchange-exchange,1849809576,2022-05-26 21:26:11,29317.43,-1.72
BTC,39.771236,1161436.8,Multiple Hashes,unknown-unknown,1849817502,2022-05-26 21:58:00,28904.45,-2.79
BTC,23.9,697950.1,db6e4f708d434cb780923ee3f85aba2227dbcedfd5454cfd58e89a05e2a403d2,exchange-unknown,1849814560,2022-05-26 21:58:59,28928.29,-2.73
BTC,43.129856,1260398.2,ab1bb57c973c754b3a054328293def19c499ab7aa3572f3c998885f5a95b0f6d,unknown-unknown,1849817544,2022-05-26 22:03:45,28936.58,-2.67
BTC,74.6,2162459,ceefb84e6f2109a884fc9a21f3fc2f85c95cc926dd6d77033b3d20a1ee38540b,exchange-exchange,1849819680,2022-05-26 22:10:49,28993.26,-2.51
BTC,69.01314,1992008.4,00d02267134d09c25f9442ad9490eafd0078cfe23697e38a9ce6349f8ef9b586,unknown-unknown,1849821337,2022-05-26 22:15:50,28901.73,-2.84
BTC,20,581751.25,7c24356d5a921ea9b7fb3799e543b715800135cc111a26cec9172e2bb74368eb,exchange-unknown,1849825544,2022-05-26 22:34:47,29037.36,-2.16
BTC,17.937738,519311.44,Multiple Hashes,unknown-unknown,1849830955,2022-05-26 22:47:00,28954.13,-2.39
BTC,19.917,576612.56,603799680780536390f60c43dd9f69965af1bea15853721bf9da4eb677217c6d,exchange-exchange,1849829399,2022-05-26 22:47:05,28954.13,-2.39
BTC,7410.066,214109140,75a4f857e8cabb4b6c8654cd62423ddb81c0d37218b5be1ff90aa9a45f5f8c95,unknown-unknown,1849830971,2022-05-26 22:50:08,28893.39,-2.6
BTC,20.01,583355.9,f1cf912130d82071eb8f23e16c4773dc43b40b9464bef08250478cb4cb03ef54,exchange-exchange,1849831688,2022-05-26 22:53:17,28854.07,-2.86
BTC,69.472725,1997070.8,be870c07a5f80077adae0a7c35f374c336ad8ac96f5d02a1cfa8f30cd07bdaa9,unknown-unknown,1849837678,2022-05-26 23:14:11,29024.56,-2.37
BTC,19.9995,580184,807fd0e93975434a10506be3d3f8b05eeb00ee245aad08c38c6264482a293bcf,,,,,
BTC,32.000053,930326.8,eca9179b9d750c7df8a7d8c8352d27f2cffe6cda5a6ae4a41cf715e6bb1123c1,unknown-unknown,1849845690,2022-05-26 23:37:38,28927.52,-2.77
BTC,128.2457,3704836.2,3fec4240a8e5154e96613860613c3cf87dfd236449cf458ad085b7f2ca839349,,,,,
BTC,22.431667,653166.25,c92b22d8c7dae508337deed8f01cdc9289eac11d56a96ca216e47c569e9801df,unknown-unknown,1849848152,2022-05-26 23:43:10,28902.43,-2.97
BTC,20.722,599062.06,f8ea65a623c45a4ac624a1049ca847e5c82225e7e0479e581914f0fe78660939,exchange-exchange,1849849481,2022-05-26 23:48:56,28908.47,-3.1
BTC,32.10078,933632.9,Multiple Hashes,unknown-unknown,1849861563,2022-05-27 00:23:00,29091.82,-2.04
BTC,21.9998,636047.56,418d4cb0ac922fdb25759c0f706ec6874e8f012d14617b56015a06ddddfe4d8b,exchange-unknown,1849861574,2022-05-27 00:29:45,29065.33,-2.47
BTC,18.9996,557491.9,65f132ff0e5a1c84e3b0ef3a156712660d2e64ed6960bcdd297bd121cd98bbe6,exchange-exchange,1849866096,2022-05-27 00:51:04,29015.75,-2.65
BTC,66.097336,1913106.8,22f26c241991e6d4ceceabd12e4457eccdf8ba0c56fb2cee59b881daee1e0f25,unknown-unknown,1849870769,2022-05-27 01:04:16,29008.85,-2.75
BTC,58.9491,1707559.2,a781ff5ce951ba525f1550e600f125612535c3c427c7947cb857dd3c447f1f8e,unknown-unknown,1849871897,2022-05-27 01:05:11,29022.58,-2.73
BTC,660.33,19099406,a81144ad58d0810d4023c8044837a07aed99ede8c7266282f97553fb8e3bac8d,unknown-unknown,1849884270,2022-05-27 02:01:06,29006.04,-2.75
BTC,89.40931,2591277.2,069fc0553e2598a08ae9c866615d72b9943caf6a52fe43d0e0563443c7a019ad,exchange-exchange,1849888122,2022-05-27 02:12:25,29005.09,-2.55
BTC,38.177746,1110802.4,Multiple Hashes,unknown-unknown,1849896923,2022-05-27 02:29:00,28849.64,-2.68
BTC,73.82941,2148107,2d6adb3740e3223e9e29f4dc0ce25eae2d5043e37d6dfd9988731860fda55e97,unknown-unknown,1849894133,2022-05-27 02:29:15,28849.64,-2.68
BTC,25.085041,727692.5,Multiple Hashes,unknown-unknown,1849900100,2022-05-27 02:38:00,28773.0,-3.17
BTC,24.350037,700063.1,7aad083be9483fd707273eb0c2a02fff70565119335ed0debb2b9bf92ee331f5,unknown-unknown,1849900135,2022-05-27 02:41:50,28789.09,-2.93
BTC,17.9996,512353.78,138fb615c49f7c89a5d8b8e16e3e0cf729a8c4a1e1f97697377b320d92e3592e,exchange-exchange,1849910379,2022-05-27 03:10:09,28649.98,-3.11
BTC,18.806,539283.56,b0931cf0d8b6b33d97f9c7b95b4d224857ec0d46366a71f6ef0e6ae776806bdf,unknown-exchange,1849912023,2022-05-27 03:12:54,28649.18,-3.23
BTC,72.3,2083435.6,757eeeb212ac2ad781c0ceab524d9e5aecab022bb1cdc80b9437a6b5fefdaba5,exchange-exchange,1849917131,2022-05-27 03:28:31,28874.68,-2.4
BTC,18.268,526005.4,20d9421025ef6d212675a89527ce91166cba43a51257a463443c6137713e6c91,exchange-exchange,1849922056,2022-05-27 03:37:29,28856.3,-2.45
BTC,33.92849,976836.9,a07038ffc4cc2fd0cf2c94ae9d746bfd16c50ad8bf58545dcba388efa4653a24,exchange-exchange,1849926386,2022-05-27 03:48:10,28885.57,-2.45
BTC,57.578415,1669598.4,8917c14d8988107d06162f784a969859d4b210ddc8435b8b22101c97a4ffed75,unknown-unknown,1849931937,2022-05-27 04:04:28,28945.53,-2.18
BTC,22.3925,650576.25,486801701c300e6aed87c16efcef2bc9b9ffa1885595686c59222ab4f7ade2d0,unknown-unknown,1849943598,2022-05-27 04:38:05,29035.5,-2.13
BTC,22.110264,642751.44,Multiple Hashes,unknown-unknown,1849961425,2022-05-27 05:11:00,29072.23,-1.52
BTC,19.043213,553591.44,b4653c02adc5e22088e0b8975ffd5dd48e0b6762ef15fbcb4680e92bf9efa73d,unknown-unknown,1849957407,2022-05-27 05:11:18,29072.23,-1.52
BTC,58,1680003.4,ccf53a44a97c73766971193e87b647dd841b319e392a04443bdeb06a138d6664,unknown-unknown,1849964627,2022-05-27 05:21:41,29014.83,-0.56
BTC,167.63678,4871163.5,f750d3555ca40ba3007d0aaf46c365a3cc6ef81ae5fd40c4f54e179f84e9bc05,exchange-exchange,1849975010,2022-05-27 05:51:28,28917.51,-0.24
BTC,62.04475,1803020.1,d4c886aee0c4609d4bf5b65ae72b1c25d3131ca0cc0b4a8a41358bcf05423b5c,unknown-unknown,1849977169,2022-05-27 05:53:21,28907.01,-0.13
BTC,18.5418,533763.2,1e992d92819c174882dcc203c3dddd72e4f4a4f310536522ff6d99deed9e98c3,exchange-unknown,1849988022,2022-05-27 06:16:56,28958.99,-0.28
BTC,33.604122,980779.2,Multiple Hashes,unknown-unknown,1849999362,2022-05-27 06:40:00,28970.3,-0.76
BTC,20.9996,608657.94,204ebe4ab29ba050afb893dd10d2c4ae97af53240cf9493d0c94e8237c5d0a83,exchange-unknown,1849999434,2022-05-27 06:45:20,29020.94,-0.26
BTC,20.187206,585390.8,Multiple Hashes,unknown-unknown,1850006026,2022-05-27 06:55:00,28974.71,-0.64
BTC,65.70178,1905227.4,852bc1bf6ffb2d8165618ebdaad981b683d568f73bf5776ef6e80b88c7764fb3,unknown-unknown,1850003471,2022-05-27 06:55:34,28969.53,-0.67
BTC,43.067226,1247191.6,c172c2eaf1bf449f3348a42a0cec690f022355003c48638af0b1db33d9f39d85,unknown-unknown,1850006061,2022-05-27 07:01:03,28964.22,-0.76
BTC,32.040337,927476.1,dff9a4396cbcd3c9432d8f441122887b76020ee75b9f9bb3d19581a8e7e2449e,unknown-unknown,1850009651,2022-05-27 07:08:01,29018.76,-0.48
BTC,57.5301,1675757.4,407f1e09c71af4d90eb5b7b03895f0601ed5b9c100f604b8159a75e2b1f77a82,unknown-unknown,1850016856,2022-05-27 07:29:08,28861.69,-1.06
BTC,57.5301,1675757.4,407f1e09c71af4d90eb5b7b03895f0601ed5b9c100f604b8159a75e2b1f77a82,unknown-unknown,1850016856,2022-05-27 07:29:08,28877.36,-0.97
BTC,20.606,595016.56,105c60c24766868cbb5d22fc7546ce7fceed1336bc7263a4cfbf65cdb5d50333,unknown-unknown,1850025686,2022-05-27 07:54:27,28816.27,-0.97
BTC,26.21084,758680.4,23c3532826316eb2ab2b79bbf5a1cb1eb479e64fe68e04a315df9cfdc56fcfb2,exchange-exchange,1850033502,2022-05-27 08:08:29,28912.52,-0.27
BTC,57.44413,1654469.1,5ef0669ef036b4da82491e90e09d59462f72d42ca0ef8406a0c3d436357d3ff8,unknown-unknown,1850036829,2022-05-27 08:17:36,28946.18,-0.25
BTC,39.9996,1153759.8,704f5df0b0b6d1b28c7c1226c8747a35cfe6daedcb8a0a7a3333d91f0b1e74c9,exchange-exchange,1850038800,2022-05-27 08:21:01,29003.71,-0.39
BTC,53.830345,1557320.9,4600b6fe2c8eef78f179060d6a44be2b9b62d1018c1bf52047b063dea8042374,unknown-unknown,1850041759,2022-05-27 08:29:15,28964.72,-0.43
BTC,30.577017,891443.06,353f13c35d8e673baaba240facca8f4e57c8f1164ffde572e4cc10e4c2ec4459,unknown-unknown,1850044581,2022-05-27 08:34:00,28986.06,-0.46
BTC,57.4162,1671750.4,f0d091dbe15669436eb0cef545526d88e96794537cb6d55bcf1d5a8c9326c6f6,unknown-unknown,1850045979,2022-05-27 08:37:51,28943.31,-0.41
BTC,76.47178,2216705.5,7e02b6e64d5a2c88289bb23ccca97fcdea183ffd0f2f0bfa1fd9c44dc9544fbd,exchange-exchange,1850047195,2022-05-27 08:40:55,28888.39,-0.51
BTC,35.430218,1025306.8,Multiple Hashes,unknown-unknown,1850058595,2022-05-27 09:09:00,28870.16,-0.69
BTC,18.380522,531909.6,2d5aefccaf9c08bfa8a1495f8739d100271bb65391909b32269e4dfd9e170b56,unknown-exchange,1850055949,2022-05-27 09:09:07,28870.16,-0.69
BTC,71.22197,2069533.5,ee9bd44126cd35d17a57d9eeb64d0fe0c0e9710061d3fe71f9bc7e037d424baf,unknown-unknown,1850058655,2022-05-27 09:13:43,28964.69,-0.21
BTC,38.32902,1117731.4,Multiple Hashes,unknown-unknown,1850071577,2022-05-27 09:36:00,29220.88,1.2
BTC,171.79076,5009674.5,4a109f84f01932a6e4c55cc7150a6aa7380eb60317b977e41ff480145a55b468,unknown-unknown,1850067250,2022-05-27 09:36:14,29220.88,1.2
BTC,70.47254,2058109.1,e76af9bd2d685286717697c22dca25a6d47f3c1f1a73cc644bad9466cccaa289,unknown-unknown,1850071626,2022-05-27 09:43:54,29208.99,1.18
BTC,43.00632,1258777.6,e9252936c485c248c4e79a0722ddf7dae89205ea0f9d9e53763fbaefe657febd,unknown-unknown,1850075877,2022-05-27 09:52:05,29208.77,0.85
BTC,70.45156,2052612,524352726477fa2dbfcb41f70ce055c6929619905a9d0ccbfadc847680f433d7,unknown-unknown,1850081788,2022-05-27 10:06:48,29229.37,2.7
BTC,24.488022,712626,0258c7a9bbb58eb30bd69d79e376c6f2d2907d7610abb7e43fe4a7cc2f11e6ba,unknown-unknown,1850084350,2022-05-27 10:08:49,29225.17,3.64
BTC,57.38002,1676317.2,b40172963f8a58d17184f9debbd7335288425753e8a36652966819600660ca49,unknown-unknown,1850086079,2022-05-27 10:13:24,29164.76,3.56
BTC,49.9995,1460700.5,70fe7b936070260f35b775a9d2e2231808cf30f6f1565ae0e707925f5965480b,unknown-exchange,1850087053,2022-05-27 10:13:42,29179.53,3.31
BTC,70.450005,2063176.6,b29dd7b43880d31decc2843638956b9a6eb988fb5a166b7073bfedab7471deb4,unknown-unknown,1850088651,2022-05-27 10:19:47,29137.38,3.14
BTC,36.16113,1057596.5,439dbbeb1ab29c4547387bac8f6f2e212d6f590d7822f66759b6124098a555f0,exchange-exchange,1850090069,2022-05-27 10:21:36,29180.34,3.21
BTC,50,1459259.9,1023afffa18f89a315b7854ed8599fd4d8c0a9837856cd6362a13a9a49025565,unknown-unknown,1850090830,2022-05-27 10:23:20,29226.66,3.23
BTC,39.87885,1163417.2,Multiple Hashes,unknown-unknown,1850105203,2022-05-27 10:59:00,29198.62,0.39
BTC,42.99731,1264592,5cc387a7454d5c7a6effac1e1c3585c227f4b69e33315a987ba803795cef65ab,unknown-unknown,1850105279,2022-05-27 11:06:45,29147.47,-0.12
BTC,125,3634483.8,aa8d0c817a1e3ffc670c7b9ce17dd9ecd15349e897613be27d3497794401731a,exchange-unknown,1850114822,2022-05-27 11:32:48,29054.98,-0.3
BTC,71.49631,2087926.2,a16dbd9201bc7a64ec3cc5bd1afe101f55f5e93b4bfb14fc1b37667b04a4337a,unknown-unknown,1850119486,2022-05-27 11:45:00,28781.77,-1.46
BTC,31.14624,901463.06,Multiple Hashes,unknown-unknown,1850127221,2022-05-27 11:53:00,28746.54,-1.89
BTC,30.630861,885665.94,Multiple Hashes,unknown-unknown,1850129550,2022-05-27 11:57:00,28682.2,-2.42
BTC,29.571127,850969.2,Multiple Hashes,unknown-unknown,1850131854,2022-05-27 11:58:00,28749.35,-2.19
BTC,20.9,601920.56,08491d413a48818ae0b052e5d3696efc57c685c2c6aedf21d55531a0a13e0912,exchange-unknown,1850131860,2022-05-27 12:03:50,28779.19,-1.9
BTC,32.41758,931585.5,Multiple Hashes,unknown-unknown,1850146435,2022-05-27 12:36:00,28863.11,-1.75
BTC,35.3,1014417.75,3eb3fc8ed8e94a2739eb809820bf4651a91a49c6ce08f4ada2930a884b6d3062,exchange-exchange,1850142773,2022-05-27 12:36:50,28863.11,-1.75
BTC,24.81283,716626.6,38b07eaf964aac2eb75679bcf3f3c0d68fed070b97156830e17058df4f0d604c,unknown-unknown,1850146553,2022-05-27 12:43:03,28890.66,-1.63
BTC,46.3274,1343889.4,Multiple Hashes,unknown-unknown,1850160816,2022-05-27 13:20:00,28721.89,-3.11
BTC,249.9996,7252119,549f548efda6f0c6dc990f14920d2c5ed853b6650fff9b9b407cdb9af2fd5e33,exchange-exchange,1850157716,2022-05-27 13:20:07,28721.89,-3.11
BTC,35.424126,1027744.8,Multiple Hashes,unknown-unknown,1850166325,2022-05-27 13:28:00,28708.67,-3.07
BTC,95.362495,2724826.2,9cfb467f8dfc52e23c2a91dff24d3ad6f6337cf3dbb58553ecb2249426acc55e,unknown-unknown,1850168034,2022-05-27 13:34:00,28753.96,-2.86
BTC,36.95507,1060107.5,Multiple Hashes,unknown-unknown,1850176354,2022-05-27 13:48:00,28690.66,-2.95
BTC,69.95046,2006626.2,e1fb85ef5561ba54e8983307221b50cfcd1e4063bd3821a16f5b534238a6de4d,unknown-unknown,1850173177,2022-05-27 13:48:12,28690.66,-2.95
BTC,21.52081,618624.2,Multiple Hashes,unknown-unknown,1850178689,2022-05-27 13:53:00,28723.29,-2.91
BTC,32.99,948310.6,c3b4586df60aaae3489e161d149645b665dbb552317c69bd3d8017d759d7d589,,,,,
BTC,69.900276,1998024.5,1912724444e5b5425561b9c03d1579e7517f77b55c2154e8153b50c3626d40a1,unknown-unknown,1850178729,2022-05-27 13:59:42,28765.29,-2.59
BTC,470.9624,13399326,dd69aa8fb9cac7ec2eb7553c6647d90f7701dae28d92491d04b862aeed63facd,unknown-unknown,1850187242,2022-05-27 14:24:29,28458.29,-3.84
BTC,33.839558,971493.2,Multiple Hashes,unknown-unknown,1850194217,2022-05-27 14:36:00,28381.07,-4.14
BTC,350.06873,10050054,56635c26fdad8c260eb3f0bafdd9ef1f0c38f774f9b44d57743dde9b8426f2aa,exchange-exchange,1850190936,2022-05-27 14:36:45,28381.07,-4.14
BTC,30,852204.6,286a155a74906ab2851041b4ebb99620e8f66127335b950ac492d5c0d9593da9,exchange-exchange,1850194242,2022-05-27 14:42:30,28425.43,-3.93
BTC,31.606398,898520.2,Multiple Hashes,unknown-unknown,1850200085,2022-05-27 14:50:00,28335.64,-4.3
BTC,17.926,509608.03,ee6a9c3d55a25905137a7eaf203831f924f83a4f96b9e54f988492788b34e412,exchange-exchange,1850197880,2022-05-27 14:50:20,28335.64,-4.3
BTC,42.944725,1227887.4,81cea49dbc3284173bb49fac8c7f8795780da3de572eb1fcce5774e52d76f729,unknown-unknown,1850200118,2022-05-27 14:51:39,28302.12,-4.39
BTC,201,5690397.5,1058bbd9659787e7197fec9fff5d043bb9494c4341227c76571f6cb1f6052461,exchange-unknown,1850201450,2022-05-27 14:55:04,28417.34,-3.86
BTC,49.9998,1427757.1,ab438b8e150347eb8f19a85daec4772cf554185a775eba126b73f8d5bc0f7928,exchange-unknown,1850203300,2022-05-27 14:59:56,28436.51,-3.67
BTC,40.297367,1144925,Multiple Hashes,unknown-unknown,1850217721,2022-05-27 15:50:00,28397.87,-4.04
BTC,19.9996,568226.75,d18037b0863f73d5c8f467b6be939e3c47e933e7473b1e95ab10cad0c4f91881,,,,,
BTC,34.91351,986716,Multiple Hashes,unknown-unknown,1850220004,2022-05-27 15:58:00,28463.53,-3.44
BTC,50.408463,1424630.1,b3937b7b5efee502f1ba87f5473a49761db94cabc32ad23c850d1da8a0d9ecf0,unknown-unknown,1850217838,2022-05-27 15:58:31,28463.53,-3.44
BTC,27.025053,768037.75,Multiple Hashes,unknown-unknown,1850222708,2022-05-27 15:59:00,28454.62,-3.53
BTC,23.302336,661027,Multiple Hashes,unknown-unknown,1850224522,2022-05-27 16:02:00,28429.76,-3.59
BTC,87.5975,2484914.8,d4ea03243ce102973f1884bfcdecc77e39f0c79ba0576fd6613c3837a8511c9e,unknown-unknown,1850222735,2022-05-27 16:02:29,28429.76,-3.59
BTC,79.93354,2280320,0fda20a5ca929ffad5a56fe42779b63686564ce583fb9b59804312384a1737d1,unknown-unknown,1850227156,2022-05-27 16:16:28,28479.75,-3.15
BTC,35.604336,1020086.6,Multiple Hashes,unknown-unknown,1850233661,2022-05-27 16:33:00,28517.99,-3.11
BTC,79.92896,2290015,95146d198d1847c3dbd3cd9ffb6f617049977e4bec15d300038012f84d152a61,unknown-unknown,1850231207,2022-05-27 16:33:43,28517.99,-3.11
BTC,78.568474,2248232.2,3298e2401f9865f8cadc1997419d3bbb56007ee998af9bb53550572ae6cae8e3,exchange-exchange,1850233723,2022-05-27 16:37:37,28536.77,-3.21
BTC,32.13129,919314.1,Multiple Hashes,unknown-unknown,1850238162,2022-05-27 16:45:00,28856.69,-1.98
BTC,30.600782,877182.7,651e2ff5d6c4c0c268b960883e6a7a846020781bf01fe8ffc870df36a31a9f70,exchange-exchange,1850236894,2022-05-27 16:45:46,28955.68,-1.57
BTC,40.5306,1153444.5,cba4fe5fc0c426cd9972e82cf4fcc1260e72370875121eb3c7562adde06106a2,unknown-unknown,1850238215,2022-05-27 16:47:56,28902.39,-1.64
BTC,18.2222,526824.25,a747bc9e9b2c850738d58062e768ecc6e0bdd1f69278861691d5b92e61f3569f,exchange-exchange,1850239141,2022-05-27 16:49:55,28878.98,-1.7
BTC,17.623207,508691.8,Multiple Hashes,unknown-unknown,1850243131,2022-05-27 16:57:00,28955.28,-1.17
BTC,74.3,2144661,96f707261398dfb4b28421aebb9cda12733c11521f1802709e8ce294784effc6,exchange-exchange,1850241180,2022-05-27 16:57:34,28921.44,-1.3
BTC,56.58839,1626181.9,ccce29874a5c53a8d0c273858b788fd8d34087ef682b9607f023cfb50fd515ab,unknown-unknown,1850243137,2022-05-27 17:02:53,28863.97,-1.53
BTC,29.044008,844602.8,Multiple Hashes,unknown-unknown,1850248496,2022-05-27 17:16:00,28923.45,-1.39
BTC,39.9995,1163189.6,a6ec0cb62ac5166e72b415c7070b3966be69293bab88c297c1b145b841a834b1,,,,,
BTC,23.214043,677166.75,Multiple Hashes,unknown-unknown,1850250825,2022-05-27 17:21:00,28903.1,-2.04
BTC,45.79054,1335736,ef7432baa5fbcd9a650792363e674c466823d68b7abf0e1c269a1ee75fca670c,exchange-exchange,1850248526,2022-05-27 17:21:29,28872.96,-2.27
BTC,37.884064,1094249.1,Multiple Hashes,unknown-unknown,1850256201,2022-05-27 17:39:00,28804.59,-2.27
BTC,20.99107,606416.8,481ddab3fcbaf9c3dc6a4b9f48970e47a4f9c09c4e2cc05b491462a7cab3f716,unknown-unknown,1850256218,2022-05-27 17:41:38,28820.96,-2.24
BTC,168.19258,4816589,1e94f79d6c49c5d07fea5ebf5352d9e5edd724de4107f49530702d2ae970326c,unknown-unknown,1850259939,2022-05-27 18:04:11,28762.12,-2.74
BTC,43.083305,1232419.5,Multiple Hashes,unknown-unknown,1850268663,2022-05-27 18:33:00,28781.22,-2.63
BTC,799.9989,22922242,1dba970bb3c2ac76ece71814b738c359d0f7ddaf97c98a4ea3f8aa863d8406c8,unknown-unknown,1850268762,2022-05-27 18:39:16,28771.56,-2.46
BTC,75.318695,2161961.2,8e4067a3eb9ed2ac228ce0f1a2893826a15155ceddc3a6c8b3449831adf1ab42,unknown-unknown,1850278470,2022-05-27 19:36:46,28839.38,-2.27
BTC,45.235916,1298744.1,Multiple Hashes,unknown-unknown,1850290427,2022-05-27 20:04:00,28720.53,-2.36
BTC,89.37576,2566376.2,60ae62e571b9fed06416cf1d4ae24e3e8b806c457ba0322231738a47e35043c3,exchange-exchange,1850287788,2022-05-27 20:04:10,28720.53,-2.36
BTC,51.897655,1489811.2,06709b0e7323aceaae24d64be54d662fd392779756858c9ba41a78ffa8113e48,exchange-unknown,1850288866,2022-05-27 20:04:45,28724.57,-2.21
BTC,56.55974,1626787.9,a4254ab91b95b7fb0437f28aa724c788b3b6525c0bb76c551e40bf91951815b0,unknown-unknown,1850290444,2022-05-27 20:09:50,28688.36,-2.53
BTC,74.6,2135119.5,d19179a8789431512448d966f6cea85c5b5de717c81efed0b672f31a82e2a83e,exchange-exchange,1850294636,2022-05-27 20:33:36,28610.67,-2.63
BTC,56.553165,1616120.1,76a80540ca3c3919bb77995c9dfaee6f2ac436e8b1c06ed55850e33667716d80,unknown-unknown,1850298075,2022-05-27 20:45:36,28566.21,-2.52
BTC,26.15717,750225.44,Multiple Hashes,unknown-unknown,1850303571,2022-05-27 20:56:00,28554.62,-2.45
BTC,83.02552,2381291.8,846a1b46a6634cfe645fd7b408a97596592d77a993fd3d241b9fa7ab6b6778b2,unknown-unknown,1850300605,2022-05-27 20:56:52,28568.97,-2.34
BTC,211.91214,6041024.5,af3afeefdf0721f078c9c9a53b4c56caaf49aad1e80464196702c378b4e2899e,exchange-exchange,1850303599,2022-05-27 21:03:39,28665.46,-1.62
BTC,31,891892.4,9819a0d7898af27ef62360e0dfacac26dd8bf40a48abe9aca79d6eae465dffdd,exchange-exchange,1850308403,2022-05-27 21:28:03,28699.99,-2.03
BTC,78.764534,2276588.5,2e8267fe79d3a59e45bffe1295496fd0d121ee0e1ab31fdc2663a7ae46cbc4fb,unknown-unknown,1850312460,2022-05-27 21:45:35,28740.17,-1.23
BTC,25.694752,742674.06,Multiple Hashes,unknown-unknown,1850315225,2022-05-27 21:45:00,28740.17,-1.23
BTC,78.764534,2276588.5,2e8267fe79d3a59e45bffe1295496fd0d121ee0e1ab31fdc2663a7ae46cbc4fb,unknown-unknown,1850312460,2022-05-27 21:45:35,28774.95,-1.09
BTC,23.712439,676181.4,eaea2557345d919494a396f565376e72d6176612a98ccc83694254ce960ccff6,unknown-unknown,1850315305,2022-05-27 21:52:07,28794.27,-0.9
BTC,73.474304,2123962.8,363731c8176d841af302c7f3405c2e773e9889a95d8d52756af50851c61d4773,unknown-unknown,1850316668,2022-05-27 21:56:09,28802.01,-0.89
BTC,248.50632,7187963.5,447a4882ac8976ea098a84319f919b7d3566f383025c797a808b95e269d25f5d,exchange-exchange,1850317930,2022-05-27 22:02:02,28774.96,-0.48
BTC,33.717964,966606.75,Multiple Hashes,unknown-unknown,1850324358,2022-05-27 22:28:00,28609.65,-1.37
BTC,50.57944,1449981.6,cbec04d112389eec7fe891949fe59e83a8d43211ca90c298b7cec77ebb4cb5d5,unknown-unknown,1850322172,2022-05-27 22:28:32,28610.06,-1.47
BTC,75.935265,2179295.8,88432acd58c13177f2c18011607818a85052588b8a708c0fc6a8fec7b4223fde,exchange-exchange,1850324367,2022-05-27 22:30:18,28610.06,-1.47
BTC,72.93839,2096739.4,44199fd899bca9ed29621c26e02518d3e1678d7f1c69af16c13dda020cdcd17e,unknown-unknown,1850325941,2022-05-27 22:37:59,28545.6,-1.79
BTC,25.9998,749329.5,39dffa48b9c5ceeeee78754732c621ae5a2cccb7de4b8059b6ab993df8f50e14,exchange-exchange,1850327414,2022-05-27 22:44:16,28574.46,-1.43
BTC,71.055916,2039602.4,555f4d7acc9bf9f3c018fc55614910c0d15ad22e6459a5e80837d033dd7e68a7,unknown-unknown,1850328621,2022-05-27 22:49:47,28597.6,-1.03
BTC,39.173798,1123925.8,Multiple Hashes,unknown-unknown,1850342657,2022-05-28 00:01:00,28644.73,-1.32
BTC,28.930012,830189.3,Multiple Hashes,unknown-unknown,1850345839,2022-05-28 00:04:00,28675.4,-1.12
BTC,29.34855,840197.56,Multiple Hashes,unknown-unknown,1850348144,2022-05-28 00:12:00,28694.14,-1.25
BTC,83.76913,2398163.2,b69443c97f87a0b8c634aff1aa3e6c77257f971fbcd418e52522b83142afb34a,unknown-exchange,1850345867,2022-05-28 00:12:56,28694.14,-1.25
BTC,147.32356,4238929.5,8f81db553725e93e44524f1b43149984df0f85cdd0808215c94a6647c6d13778,unknown-unknown,1850348181,2022-05-28 00:14:18,28693.83,-1.19
BTC,18.0907,515089.22,0aed1162f23eb45e7850bd1445e64787ce67c42ad053e9d2f6330e6cc7cd72b2,exchange-unknown,1850349648,2022-05-28 00:16:07,28703.26,-1.15
BTC,196.63809,5626314.5,d669ba442b4722fee7371bdc9c33de6d4adff4a496d4140959558df8cc918aa5,,,,,
BTC,27.98526,804258.5,f0761292b27f2fdcdbdf44fd01b208541b7a5cfa54dce331e0de62ce72a20ecc,unknown-unknown,1850352647,2022-05-28 00:31:20,28685.06,-1.25
BTC,56.531097,1634620,ee3c79ebcd32c0dbd712df3db3044534fb4ddba073703feeddd6de0edce0f3d5,unknown-unknown,1850354089,2022-05-28 00:34:21,28692.26,-1.1
BTC,24.607885,705363.9,3d6da8b185e4c7ef5d9992f468815f788c0f40a0015ccd444f6543fadde61dd0,unknown-unknown,1850357142,2022-05-28 00:46:10,28762.45,-0.96
BTC,74.009865,2112178.8,0014b9bb6565c55382c10b3e489b73ee58e9920d2085fccef189ea21a372c918,unknown-unknown,1850357445,2022-05-28 00:47:52,28782.24,-0.88
BTC,30,861890.6,e85f56b0b7a23e80c75248bd343524a3984e7bcef81d02768854d797a9bcd06a,unknown-unknown,1850358749,2022-05-28 00:54:42,28768.28,-0.66
BTC,73.834274,2112711.5,c159d00ace36d1d8c8c2dbb5553e175f7db89a2854d96a707c6d749ced55ff0c,unknown-unknown,1850364544,2022-05-28 01:22:08,28830.63,-0.47
BTC,68.58279,1978681.9,6320bab0a29981d74a1f55e6acea4b05dfce6a3fc56f88c186b7544b761baac0,unknown-unknown,1850367917,2022-05-28 01:33:32,28785.24,-0.25
BTC,24.781124,715828.25,Multiple Hashes,unknown-unknown,1850370489,2022-05-28 01:34:00,28794.44,-0.21
BTC,56.504646,1632194.9,73a9d70bf880347ef698a86561022754053bf2a77affd2aacc67576c0f2bbc42,unknown-unknown,1850368992,2022-05-28 01:34:21,28794.44,-0.21
BTC,198.02478,5690686,196f831740b38105b48e40c5b5ba12a1d75a2cd8d855bf456aede115df48e720,exchange-exchange,1850370509,2022-05-28 01:38:42,28781.71,-0.32
BTC,50,1437885.4,c2e4579b3466fa8fddade7671d12ca92e33a90d84d63f7f24933578bf67776ca,unknown-unknown,1850371657,2022-05-28 01:42:16,28781.71,-0.32
BTC,27.927103,812857.06,5b61a8285741d4272ee4dcde229bbd4a2568f10c7fa51106f977f1a0688266ce,unknown-unknown,1850374356,2022-05-28 01:56:59,28777.85,-0.34
BTC,57.229836,1649299.5,508d3b4cf94fc206bd4b60203585a917a14933aaa67c88ca52a881c634f1702e,unknown-unknown,1850378221,2022-05-28 02:12:46,28801.84,-0.72
BTC,49.19505,1419385,71f4a44984029d1f61efd02bf3f1783ca03bd62f47e6217beb1d1d835607208d,unknown-unknown,1850380960,2022-05-28 02:21:59,28810.39,-0.47
BTC,52.030334,1498554.5,78a406a3ab9a0df141c244d93e79722d641108c196ebbd51bc55d521537b0f5e,unknown-unknown,1850383297,2022-05-28 02:30:01,28875.66,0.28
BTC,51.686184,1499197,2ab8a3c1fa2f0c7c4936266da69dd77a2696ffae27f1f316d1f2b2064423c9e2,unknown-unknown,1850386645,2022-05-28 02:45:43,28868.28,0.26
BTC,36,1046297.5,9f26f3a3c69e43c717c36105c1dd69b40bd78924fbd43836fc5a83aa4e462b42,exchange-exchange,1850389832,2022-05-28 02:58:17,28826.04,0.55
BTC,51.51296,1488768.2,946d7666d7de04090f2d03744e2778344210da82f2e945075011a201bfd8cf8e,unknown-unknown,1850391479,2022-05-28 03:00:45,28833.58,0.56
BTC,50.756344,1463352.9,77b32bb2795a87de73fef21d0901f1fa18bcf714c94b19d5195060704ce549d4,unknown-unknown,1850391888,2022-05-28 03:01:14,28833.58,0.56
BTC,74.008995,2139320,f4db903768585353815211f05014d1c2e6bf783611181f35e6674688a3d1444a,unknown-exchange,1850392722,2022-05-28 03:05:16,28842.92,0.07
BTC,92.78913,2686845.2,0dd11cd32d8e80a962c768aeea03f799d8a506a8a8e5e115a0b9503235f81ca9,unknown-unknown,1850393697,2022-05-28 03:09:46,28850.64,0.37
BTC,49.110798,1412829.1,e136fc77c936dce348a03298bd5d6b95936c3a529017982b64b42388ed4c6f39,unknown-unknown,1850394978,2022-05-28 03:14:34,28822.58,0.57
BTC,193.22762,5554335.5,337a14b254cf2d48b1bf7b304b2ce230a3cd6665357a78761eb1975c66d16299,,,,,
BTC,25.853323,748038.25,Multiple Hashes,unknown-unknown,1850403337,2022-05-28 03:43:00,28848.75,-0.08
BTC,76.74893,2220648.2,0f259594422395678f0661878bd0ae4d03f6909fe7f6c999897fc3557e656670,unknown-unknown,1850400801,2022-05-28 03:43:05,28848.75,-0.08
BTC,49.089954,1407834.5,daff7e569a95f83b30d185e213d867f18997a41e05815da877eae40e680de9ff,unknown-unknown,1850403362,2022-05-28 03:45:28,28841.41,0.02
BTC,197.3,5711205.5,14ec23a6d3c588dad39e7187383732f21821b1bdef5fcb367ec7ecf34b5189fe,exchange-exchange,1850405088,2022-05-28 03:52:03,28857.35,-0.44
BTC,27.836159,801368.9,009f205c59b21c34cb0f058347bd4cb83f4b399a9459f037ba154ef9ba322ed5,unknown-unknown,1850406863,2022-05-28 03:59:12,28849.01,-0.19
BTC,50.67807,1470594.6,5eb81dd7083af40274093d01d5202c38790a84373571ef4f0cc462f5cdf419cc,unknown-unknown,1850410212,2022-05-28 04:10:23,28811.05,-0.67
BTC,83.22374,2394167.2,4afbe1ba6aa33780b9ff33d2235de12fbd36d427ce5a6010bd2a3195eeccdef7,unknown-unknown,1850413236,2022-05-28 04:23:30,28834.86,-0.99
BTC,95.178154,2739390.2,5619d4657e412d79837ab3541ce054175d3702de5868672a1bb6e3a5993ff071,unknown-unknown,1850414362,2022-05-28 04:24:11,28818.02,-1.04
BTC,40.51925,1170777.2,Multiple Hashes,unknown-unknown,1850424704,2022-05-28 04:57:00,28880.29,0.24
BTC,399.97867,11522909,cdfbf0b803948b9adfa011f38b903cb469b4324bb90240ab64158eeda7e30c82,exchange-exchange,1850424725,2022-05-28 05:05:08,28871.36,-0.56
BTC,50.588844,1453606.4,54e9e99a260889b6c0d7771d392bd3a2d09e39c71b611a0a741303a457f3b348,unknown-unknown,1850433185,2022-05-28 05:36:11,28863.49,-0.61
BTC,199.9996,5776644.5,af9713ada2afbda461b9d7aab09d7817c5835d78d98da0f90c8c5ad78e508128,exchange-exchange,1850439226,2022-05-28 05:58:31,28811.09,-0.22
BTC,249.9996,7253438,d893042962454b9a577e3d9f1ccba77d534e248735410dc81dbd053208798bb3,exchange-exchange,1850443769,2022-05-28 06:11:16,28852.96,-0.32
BTC,82.977875,2392697.8,cfb1f60876afe74967bd6251cf67cc3186c2eed0e7f1481462a05d77be523400,unknown-unknown,1850448408,2022-05-28 06:25:07,28789.49,-0.73
BTC,40.027508,1157344.6,8a9a90e77711456fe1db855c28557261d81cba9600880f0a7adfe27e0b258791,exchange-exchange,1850450512,2022-05-28 06:30:42,28785.03,-0.89
BTC,21,606222.75,3b10f01ff96405fe77585274a6273a8ac74f8f420a77bafb37bff3cfccef5407,exchange-unknown,1850454154,2022-05-28 06:42:06,28776.25,-0.67
BTC,236.9078,6838995,79fdd5113707f58229c180ce5728c320392b20cfeb457c3fe57a33c04576cee6,unknown-unknown,1850455136,2022-05-28 06:42:37,28785.4,-0.61
BTC,82.97597,2395672,1c31d37a193346332e398726b1130fb32aa0c6e8863b3d9b2861ae3befbf4972,unknown-unknown,1850459776,2022-05-28 07:01:35,28758.82,-0.71
BTC,18.883238,542870.75,Multiple Hashes,unknown-unknown,1850466209,2022-05-28 07:13:00,28775.95,-0.84
BTC,167.33559,4810700,f107ba4ef364a83474c2f792e6ee491463e42c9d1d059bee28d20021a8532f67,unknown-unknown,1850464326,2022-05-28 07:13:51,28768.36,-0.65
BTC,29.83795,860299.7,Multiple Hashes,unknown-unknown,1850474419,2022-05-28 07:40:00,28785.64,-0.32
BTC,21.9996,634301.25,988133004d41753d86babcc25a7d2d1d2671a653d304afc46dff997bae93fda3,exchange-exchange,1850471948,2022-05-28 07:40:17,28795.53,-0.24
BTC,20.975105,607514.94,5e2f00a46458fdeaae3f01344a166cc9939195d31d2e8116fc2018e7f2d8438c,exchange-exchange,1850474447,2022-05-28 07:41:20,28795.12,-0.16
BTC,29.957903,866733.2,Multiple Hashes,unknown-unknown,1850482376,2022-05-28 08:02:00,28819.28,-0.22
BTC,50.541332,1462246.9,79026f2b87d3074189577171c8cc8b84119c139c1b7252c5dc511ffac2410c20,unknown-unknown,1850479479,2022-05-28 08:02:08,28819.28,-0.22
BTC,34.961216,1008971.3,d4253844ed80c719f09cd6c7bf4c01d98d042e45efbe262284c6b99c3327c28a,exchange-exchange,1850482393,2022-05-28 08:05:26,28852.8,-0.29
BTC,25.676521,742719.94,Multiple Hashes,unknown-unknown,1850489581,2022-05-28 08:23:00,28850.93,-0.45
BTC,27.78766,803786.9,00161e380869a7052c298041d2b2b58707b47420c052476b99d253ecc844c4f8,unknown-unknown,1850486279,2022-05-28 08:23:21,28850.93,-0.45
BTC,21.612316,625158.6,a74375431a2cdbe262ca16224859fa033079c7640b3da4af44a39eda2c3ce330,unknown-unknown,1850487271,2022-05-28 08:23:40,28842.35,-0.5
BTC,152.33385,4379067.5,bba1919f7e8756818df3a93faa3e671214076a5a972bd00d1a0c24976a976b85,exchange-exchange,1850489607,2022-05-28 08:29:01,28847.96,-0.4
BTC,83.66368,2431375.2,ecf9dd0289bcf285e36e45f7adb83f5082ec1d31b58250cb2ae6a95dc74e69e7,unknown-unknown,1850493917,2022-05-28 08:45:43,28819.06,-0.13
BTC,36.98809,1074473.6,3d9c1fcbd0b4692711ec77d73464f98224a2ad770117cf58d1a7e4ac15044ef2,unknown-unknown,1850498870,2022-05-28 08:56:36,28833.1,-0.14
BTC,17.735815,510633.28,Multiple Hashes,unknown-unknown,1850504149,2022-05-28 09:09:00,28789.77,-0.28
BTC,27.9995,806135.9,02701c57aedb1b55ae360947fa812ca3086903e30a377bc8d7ccae1e44eb12f4,,,,,
BTC,216.73607,6276575.5,3a235980e98a86c263c70b8aef9bbdcf8a60eacfc906f27540e699ba721a4059,unknown-unknown,1850504239,2022-05-28 09:12:55,28811.95,-0.44
BTC,48.930794,1404968.6,f8b632e72e14300ad8cd53e1f589f9896894e31dd12efd3a9dc8a64f2931d527,unknown-unknown,1850505317,2022-05-28 09:15:11,28846.18,-0.41
BTC,33.091625,955885.2,Multiple Hashes,unknown-unknown,1850519028,2022-05-28 10:05:00,29021.3,-0.59
BTC,89.94299,2598094.5,e2d32d5a53f1a589ba290669d55599a47565c04264d4d6ece27462a4ea6f1443,unknown-unknown,1850516656,2022-05-28 10:05:23,29021.3,-0.59
BTC,26.8725,776011.3,Multiple Hashes,unknown-unknown,1850521441,2022-05-28 10:06:00,29012.82,-0.71
BTC,452.49472,13066928,95f5a4aae2eea56b43f0f781a68b5c7407b983560ffad6d13610333c3735fc92,unknown-unknown,1850519101,2022-05-28 10:06:54,29012.82,-0.71
BTC,84.62857,2474689.5,760221b183c21924ea8abca352e9e3832b905974ec3437c1b23a2e635696d8cd,unknown-unknown,1850521730,2022-05-28 10:07:52,29044.45,-0.62
BTC,151.436,4395690,982091fbb3a8a3f0ab72c6fa90f724483cded2b43686de3b13de4f23fc59ffa1,exchange-exchange,1850522886,2022-05-28 10:10:29,29173.29,-0.1
BTC,71.304985,2067005.2,c62f6b61cb5c64ddbcd6e3e99561b8f4372779ce5cb7d97bebba12b6e3f78d05,exchange-exchange,1850524743,2022-05-28 10:15:18,29147.01,-0.11
BTC,27.744463,808906.6,6b0c3b31dc9a4912b5e72e2389236e086909bc06efd66d62218e84c102f3f2fa,unknown-unknown,1850525917,2022-05-28 10:18:38,29080.49,-0.18
BTC,151.24931,4403238,a4d182ec970bf98b014b995b63a3c473b7c19f8158919aa7616486ad91474e62,exchange-exchange,1850526938,2022-05-28 10:20:49,29072.35,-0.2
